[
    {
        "name": "main_menu",
        "texture": "title.bmp",
        "sprites": [
            {
                "name": "title_game_code",
                "texturePath": "title_game_code.bmp",
                "scale": 1.0,
                "positionX": 100.0,
                "positionY": 300.0,
                "tint": 0,
                "script": "title_game_code.py"
            },
            {
                "name": "title_start_or_join",
                "texturePath": "title_start_or_join.bmp",
                "scale": 1.0,
                "positionX": 100.0,
                "positionY": 400.0,
                "tint": 0,
                "script": "title_start_or_join.py"
            }
        ],
        "script": "main_menu.py"
    },
    {
        "name": "your_role",
        "texture": "your_role.bmp",
        "sprites": [
            {
                "name": "your_role_display",
                "texturePath": "your_role_display.bmp",
                "scale": 1.0,
                "positionX": 500.0,
                "positionY": 400.0,
                "tint": 0,
                "script": "your_role_display.py"
            }
        ],
        "script": "your_role.py"
    },
    {
        "name": "ship",
        "texture": "ship.bmp",
        "effects": ["vignette"],
        "sprites": [
            {
                "name": "player0",
                "texturePath": "player.bmp",
                "scale": 1.0,
                "positionX": 3900.0,
                "positionY": 3900.0,
                "tint": 0,
                "script": "player.py"
            },
            {
                "name": "player1",
                "texturePath": "player.bmp",
                "scale": 1.0,
                "positionX": 3900.0,
                "positionY": 3900.0,
                "tint": 15,
                "script": "player.py"
            },
            {
                "name": "player2",
                "texturePath": "player.bmp",
                "scale": 1.0,
                "positionX": 3900.0,
                "positionY": 3900.0,
                "tint": 30,
                "script": "player.py"
            },
            {
                "name": "player3",
                "texturePath": "player.bmp",
                "scale": 1.0,
                "positionX": 3900.0,
                "positionY": 3900.0,
                "tint": 45,
                "script": "player.py"
            },
            {
                "name": "player4",
                "texturePath": "player.bmp",
                "scale": 1.0,
                "positionX": 3900.0,
                "positionY": 3900.0,
                "tint": 60,
                "script": "player.py"
            },
            {
                "name": "player5",
                "texturePath": "player.bmp",
                "scale": 1.0,
                "positionX": 3900.0,
                "positionY": 3900.0,
                "tint": 75,
                "script": "player.py"
            },
            {
                "name": "player6",
                "texturePath": "player.bmp",
                "scale": 1.0,
                "positionX": 3900.0,
                "positionY": 3900.0,
                "tint": 90,
                "script": "player.py"
            },
            {
                "name": "player7",
                "texturePath": "player.bmp",
                "scale": 1.0,
                "positionX": 3900.0,
                "positionY": 3900.0,
                "tint": 105,
                "script": "player.py"
            },
            {
                "name": "player8",
                "texturePath": "player.bmp",
                "scale": 1.0,
                "positionX": 3900.0,
                "positionY": 3900.0,
                "tint": 120,
                "script": "player.py"
            },
            {
                "name": "player9",
                "texturePath": "player.bmp",
                "scale": 1.0,
                "positionX": 3900.0,
                "positionY": 3900.0,
                "tint": 135,
                "script": "player.py"
            },
            {
                "name": "player10",
                "texturePath": "player.bmp",
                "scale": 1.0,
                "positionX": 3900.0,
                "positionY": 3900.0,
                "tint": 150,
                "script": "player.py"
            },
            {
                "name": "report_red_button",
                "texturePath": "report_red_button.bmp",
                "scale": 1.0,
                "positionX": 3861.0,
                "positionY": 3378.0,
                "tint": 0,
                "script": "report_red_button.py"
            }
        ],
        "uiSprites": [
            {
                "name": "kill_button",
                "texturePath": "kill_button.bmp",
                "scale": 1.0,
                "positionX": 1000.0,
                "positionY": 600.0,
                "tint": 0,
                "script": "kill_button.py"
            },
            {
                "name":"report_button",
                "texturePath": "report_button.bmp",
                "scale":1.0,
                "positionX": 800.0,
                "positionY": 600.0,
                "tint":0,
                "script":"report_button.py"

            }
        ],
        "script": "ship.py"
    },
    {
        "name": "vote",
        "texture": "vote.bmp",
        "sprites": [
            {
                "name": "vote_ipad",
                "texturePath": "vote_ipad.bmp",
                "scale": 1.0,
                "positionX": 147.0,
                "positionY": 107.0,
                "tint": 0,
                "script": "vote_ipad.py"
            }
        ],
        "uiSprites": [],
        "script": "vote.py"
    },
    {
        "name": "reveal",
        "texture": "reveal.bmp",
        "sprites": [
            {
                "name": "reveal_sprite",
                "texturePath": "reveal.bmp",
                "scale": 1.0,
                "positionX": 0.0,
                "positionY": 0.0,
                "tint": 0,
                "script": "reveal_sprite.py"
            }
        ],
        "uiSprites": [],
        "script": "reveal.py"
    },
    {
        "name": "end",
        "texture": "end.bmp",
        "sprites": [
            {
                "name": "end_sprite",
                "texturePath": "reveal.bmp",
                "scale": 1.0,
                "positionX": 0.0,
                "positionY": 0.0,
                "tint": 0,
                "script": "end_sprite.py"
            }
        ],
        "uiSprites": [],
        "script": "end.py"
    }
]